<?xml version="1.0" encoding="UTF-8"?>
<project-private xmlns="http://www.netbeans.org/ns/project-private/1">
    <editor-bookmarks xmlns="http://www.netbeans.org/ns/editor-bookmarks/2" lastBookmarkId="0"/>
    <open-files xmlns="http://www.netbeans.org/ns/projectui-open-files/2">
        <group>
            <file>file:/C:/Users/karin/Downloads/SistemaDeventas1%20(2)/SistemaDeventas1/SistemaDeventas1/src/vista/InterGestionarServicio.java</file>
            <file>file:/C:/Users/karin/Downloads/SistemaDeventas1%20(2)/SistemaDeventas1/SistemaDeventas1/src/vista/InterServicio.java</file>
            <file>file:/C:/Users/karin/Downloads/SistemaDeventas1%20(2)/SistemaDeventas1/SistemaDeventas1/src/vista/FrmLogin.java</file>
            <file>file:/C:/Users/karin/Downloads/SistemaDeventas1%20(2)/SistemaDeventas1/SistemaDeventas1/src/vista/FrmMenu.java</file>
            <file>file:/C:/Users/karin/Downloads/SistemaDeventas1%20(2)/SistemaDeventas1/SistemaDeventas1/src/vista/InterCliente.java</file>
            <file>file:/C:/Users/karin/Downloads/SistemaDeventas1%20(2)/SistemaDeventas1/SistemaDeventas1/src/modelo/Servicio.java</file>
            <file>file:/C:/Users/karin/Downloads/SistemaDeventas1%20(2)/SistemaDeventas1/SistemaDeventas1/src/controlador/Ctrl_Servicio.java</file>
        </group>
    </open-files>
</project-private>
